timestamp,ticket_text,category,urgency,confidence,queue
2026-10-02T16:12:18,My payment was deducted twice,billing,low,0.3542,Billing Support Queue
2026-10-02T16:12:40,Production is down,billing,low,0.2808,Billing Support Queue
2026-10-02T16:12:43,Production is down,billing,low,0.2808,Billing Support Queue
2026-10-02T16:12:44,Production is down,billing,low,0.2808,Billing Support Queue
2026-10-02T16:12:45,Production is down,billing,low,0.2808,Billing Support Queue
2026-10-02T16:12:46,Production is down,billing,low,0.2808,Billing Support Queue
2026-10-02T16:13:18,Product is not working,product,low,0.356,Product Support Queue
2026-10-02T16:13:35,"Product is not working, impact on 100 users",product,low,0.4273,Product Support Queue
2026-10-02T16:13:36,"Product is not working, impact on 100 users",product,low,0.4273,Product Support Queue
2026-10-02T16:13:45,"Product is not working, impact on 1000 users",product,low,0.4065,Product Support Queue
2026-10-02T16:13:46,"Product is not working, impact on 1000 users",product,low,0.4065,Product Support Queue
2026-10-02T16:14:00,"Product is not working, impact on 1000 users, it is urgent to be fixed",product,high,0.4195,Product Support Queue
